date,torque_value,p_f,asset_tag,brand,nominal_torque,location,nominal
06/23/21," 1.069 Nm   
",fail,SB-M-H-FIN001,Hitachi,0.6Nm (±5%),ServerBuild,0.6
6/21/2021," 0.990 Nm   
",fail,SB-M-L1-037,Panasonic,0.9Nm (±5%),ServerLine1,0.9
6/21/2021," 1.032 Nm   
",fail,SB-M-L1-035,Panasonic,0.6Nm (±5%),ServerLine1,0.6
,,,SB-M-L1-038,Panasonic,0.9Nm (±5%),ServerLine1,0.9
,,,SB-M-L1-036,Panasonic,0.6Nm (±5%),ServerLine1,0.6
,,,SB-M-L1-001,Kilews,0.3Nm (±5%),ServerLine1,0.3
,,,SB-M-L1-002,Kilews,0.6Nm (±5%),ServerLine1,0.6
,,,SB-M-L1-003,Kilews,0.6Nm (±5%),ServerLine1,0.6
,,,SB-M-L1-004,Kilews,0.3Nm (±5%),ServerLine1,0.3
,,,SB-M-L1-005,Kilews,0.3Nm (±5%),ServerLine1,0.3
,,,SB-M-L1-006,Kilews,0.6Nm (±5%),ServerLine1,0.6
,,,SB-M-L1-007,Kilews,0.6Nm (±5%),ServerLine1,0.6
,,,SB-M-L1-008,Kilews,0.6Nm (±5%),ServerLine1,0.6
,,,SB-M-L1-009,Kilews,0.6Nm (±5%),ServerLine1,0.6
,,,SB-M-L1-010,Kilews,1.0Nm (±5%),ServerLine1,1
,,,SB-M-L1-011,Kilews,0.6Nm (±5%),ServerLine1,0.6
,,,SB-M-L1-012,Kilews,0.6Nm (±5%),ServerLine1,0.6
,,,SB-M-L1-013,Kilews,0.6Nm (±5%),ServerLine1,0.6
,,,SB-M-L1-014,Kilews,0.6Nm (±5%),ServerLine1,0.6
,,,SB-M-L1-015,Kilews,0.6Nm (±5%),ServerLine1,0.6
,,,SB-M-L1-016,Kilews,0.6Nm (±5%),ServerLine1,0.6
,,,SB-M-L1-017,Kilews,1.5Nm (±5%),ServerLine1,1.5
,,,SB-M-L1-018,Kilews,1.5Nm (±5%),ServerLine1,1.5
,,,SB-M-L1-019,Kilews,0.6Nm (±5%),ServerLine1,0.6
6/21/2021," 1.017 Nm   
",pass,SB-M-L1-020,Kilews,1.0Nm (±5%),ServerLine1,1
,,,SB-M-L1-021,Kilews,1.0Nm (±5%),ServerLine1,1
,,,SB-M-L1-022,Kilews,1.0Nm (±5%),ServerLine1,1
,,,SB-M-L1-023,Kilews,1.35Nm (±5%),ServerLine1,1.35
,,,SB-M-L1-024,Kilews,0.6Nm (±5%),ServerLine1,0.6
,,,SB-M-L1-025,Kilews,1.35Nm (±5%),ServerLine1,1.35
,,,SB-M-L1-026,Kilews,1.35Nm (±5%),ServerLine1,1.35
,,,SB-M-L1-027,Kilews,0.9Nm (±5%),ServerLine1,0.9
,,,SB-M-L1-028,Kilews,0.9Nm (±5%),ServerLine1,0.9
,,,SB-M-L1-029,Kilews,1.6Nm (±5%),ServerLine1,1.6
,,,SB-M-L1-030,Kilews,1.6Nm (±5%),ServerLine1,1.6
,,,SB-M-L1-031,Kilews,1.4Nm (±5%),ServerLine1,1.4
,,,SB-M-L1-032,Kilews,1.95Nm (±5%),ServerLine1,1.95
,,,PRO-0045,Kilews,0.6Nm (±5%),ServerLine1,0.6
,,,PRO-0048,Kilews,0.3Nm (±5%),ServerLine1,0.3
,,,PRO-0373,Kilews,1.5Nm (±5%),ServerLine1,1.5
,,,PRO-0374,Kilews,1.5Nm (±5%),ServerLine1,1.5
,,,PRO-0455,Kilews,0.6Nm (±5%),ServerLine1,0.6
,,,PRO-0509,Kilews,0.6Nm (±5%),ServerLine1,0.6
,,,PRO-0583,Kilews,0.6Nm (±5%),ServerLine1,0.6
,,,PRO-0597,Kilews,1.35Nm (±5%),ServerLine1,1.35
,,,PRO-0613,Kilews,1.4Nm (±5%),ServerLine1,1.4
,,,PRO-1112,Kilews,0.6Nm (±5%),ServerLine1,0.6
,,,PRO-1187,Kilews,0.3Nm (±5%),ServerLine1,0.3
,,,PRO-1198,Kilews,0.6Nm (±5%),ServerLine1,0.6
,,,PRO-1393,Hitachi,0.6Nm (±5%),ServerLine1,0.6
,,,PRO-1430,Hitachi,0.6Nm (±5%),ServerLine1,0.6
,,,PRO-1437,Kilews,0.6Nm (±5%),ServerLine1,0.6
,,,PRO-2439,Kilews,0.6Nm (±5%),ServerLine1,0.6
,,,PRO-2670,Hitachi,0.6Nm (±5%),ServerLine1,0.6
,,,PRO-2703,Kilews,0.8Nm (±5%),ServerLine1,0.8
,,,PRO-2722,Kilews,0.6Nm (±5%),ServerLine1,0.6
,,,PRO-2732,Kilews,1.4Nm (±5%),ServerLine1,1.4
,,,PRO-2743,Kilews,0.9Nm (±5%),ServerLine1,0.9
,,,PRO-2745,Kilews,0.9Nm (±5%),ServerLine1,0.9
,,,PRO-37,Kilews,0.6Nm (±5%),ServerLine1,0.6
,,,PRO-4009,Kilews,1.0Nm (±5%),ServerLine1,1
,,,PRO-4013,Kilews,0.6Nm (±5%),ServerLine1,0.6
,,,PRO-4015,Kilews,0.6Nm (±5%),ServerLine1,0.6
,,,PRO-4016,Kilews,1.0Nm (±5%),ServerLine1,1
,,,PRO-4021,Kilews,0.6Nm (±5%),ServerLine1,0.6
,,,PRO-4039,Kilews,0.6Nm (±5%),ServerLine1,0.6
,,,PRO-4103,Kilews,0.6Nm (±5%),ServerLine1,0.6
,,,PRO-4107,Hitachi,0.6Nm (±5%),ServerLine1,0.6
,,,PRO-44,Kilews,0.3Nm (±5%),ServerLine1,0.3
,,,PRO-45,Kilews,0.6Nm (±5%),ServerLine1,0.6
,,,PRO-7081,Kilews,0.6Nm (±5%),ServerLine1,0.6
,,,PRO-7089,Kilews,0.8Nm (±5%),ServerLine1,0.8
,,,SB-M-L1-001,Kilews,0.6Nm (±5%),ServerLine1,0.6
,,,SB-m-L1-0015,Kilews,0.3Nm (±5%),ServerLine1,0.3
,,,SB-M-L1-002,Kilews,0.6Nm (±5%),ServerLine1,0.6
,,,SB-M-L1-003,Kilews,0.6Nm (±5%),ServerLine1,0.6
,,,SB-M-L1-008,Kilews,0.6Nm (±5%),ServerLine1,0.6
,,,SB-M-L1-012,Kilews,0.6Nm (±5%),ServerLine1,0.6
,,,SB-M-L1-013,Kilews,0.3Nm (±5%),ServerLine1,0.3
,,,SB-M-L1-014,Kilews,0.3Nm (±5%),ServerLine1,0.3
,,,SB-M-L1-016,Kilews,0.3Nm (±5%),ServerLine1,0.3
,,,SB-M-L1-021,Kilews,1.6Nm (±5%),ServerLine1,1.6
,,,SB-M-L1-022,Kilews,1.6Nm (±5%),ServerLine1,1.6
,,,SB-M-L1-024,Kilews,1.0Nm (±5%),ServerLine1,1
,,,SB-M-L1-026,Kilews,1.0Nm (±5%),ServerLine1,1
,,,SB-m-L1-O23,Kilews,1.0Nm (±5%),ServerLine1,1
,,,SB-M-L1-OO4,Kilews,0.6Nm (±5%),ServerLine1,0.6
,,,SB-M-L1-OO5,Kilews,0.6Nm (±5%),ServerLine1,0.6
,,,SB-M-L1-test,Kilews,specialrequest,ServerLine1,spe
,,,SB-M-L2-034,Panasonic,0.6Nm (±5%),ServerLine2,0.6
,,,SB-M-L2-035,Panasonic,0.6Nm (±5%),ServerLine2,0.6
,,,SB-M-L2-001,Kilews,0.6Nm (±5%),ServerLine2,0.6
,,,SB-M-L2-002,Kilews,0.3Nm (±5%),ServerLine2,0.3
,,,SB-M-L2-003,Kilews,0.3Nm (±5%),ServerLine2,0.3
,,,SB-M-L2-004,Kilews,0.3Nm (±5%),ServerLine2,0.3
,,,SB-M-L2-005,Kilews,0.6Nm (±5%),ServerLine2,0.6
,,,SB-M-L2-007,Kilews,0.6Nm (±5%),ServerLine2,0.6
,,,SB-M-L2-008,Kilews,0.6Nm (±5%),ServerLine2,0.6
,,,SB-M-L2-009,Kilews,0.6Nm (±5%),ServerLine2,0.6
,,,SB-M-L2-010,Kilews,0.6Nm (±5%),ServerLine2,0.6
,,,SB-M-L2-011,Kilews,0.3Nm (±5%),ServerLine2,0.3
,,,SB-M-L2-012,Kilews,0.6Nm (±5%),ServerLine2,0.6
,,,SB-M-L2-013,Kilews,0.6Nm (±5%),ServerLine2,0.6
,,,SB-M-L2-014,Kilews,0.6Nm (±5%),ServerLine2,0.6
,,,SB-M-L2-015,Kilews,0.6Nm (±5%),ServerLine2,0.6
,,,SB-M-L2-017,Kilews,0.6Nm (±5%),ServerLine2,0.6
,,,SB-M-L2-018,Kilews,0.9Nm (±5%),ServerLine2,0.9
,,,SB-M-L2-019,Kilews,0.9Nm (±5%),ServerLine2,0.9
,,,SB-M-L2-020,Kilews,1.5Nm (±5%),ServerLine2,1.5
,,,SB-M-L2-021,Kilews,1.5Nm (±5%),ServerLine2,1.5
,,,SB-M-L2-022,Kilews,1.0Nm (±5%),ServerLine2,1
,,,SB-M-L2-023,Kilews,1.0Nm (±5%),ServerLine2,1
,,,SB-M-L2-024,Kilews,1.0Nm (±5%),ServerLine2,1
,,,SB-M-L2-025,Kilews,1.0Nm (±5%),ServerLine2,1
,,,SB-M-L2-027,Kilews,1.6Nm (±5%),ServerLine2,1.6
,,,SB-M-L2-028,Kilews,1.95Nm (±5%),ServerLine2,1.95
,,,SB-M-L2-029,Kilews,1.4Nm (±5%),ServerLine2,1.4
,,,SB-M-L2-031,Kilews,1.35Nm (±5%),ServerLine2,1.35
,,,SB-M-L2-032,Kilews,1.35Nm (±5%),ServerLine2,1.35
,,,SB-M-L2-033,Kilews,1.35Nm (±5%),ServerLine2,1.35
,,,SB-M-L2-006,Kilews,0.6Nm (±5%),ServerLine2,0.6
,,,SB-M-L2-015,Kilews,0.3Nm (±5%),ServerLine2,0.3
,,,SB-L2-M-016,Kilews,1.5Nm (±5%),ServerLine2,1.5
,,,SB-L2-M-017,Kilews,0.6Nm (±5%),ServerLine2,0.6
,,,SB-L2-M-018,Kilews,1.35Nm (±5%),ServerLine2,1.35
,,,SB-L2-M-019,Kilews,0.3Nm (±5%),ServerLine2,0.3
,,,SB-M-L2-030,Kilews,1.35Nm (±5%),ServerLine2,1.35
,,,PRO-0174,Kilews,0.6Nm (±5%),ServerLine2,0.6
,,,PRO-0324,Kilews,0.6Nm (±5%),ServerLine2,0.6
,,,PRO-0513,Kilews,0.9Nm (±5%),ServerLine2,0.9
,,,PRO-0581,Kilews,0.3Nm (±5%),ServerLine2,0.3
,,,PRO-0591,Kilews,1.4Nm (±5%),ServerLine2,1.4
,,,PRO-1072,Kilews,0.6Nm (±5%),ServerLine2,0.6
,,,PRO-1173,Hitachi,0.6Nm (±5%),ServerLine2,0.6
,,,PRO-2168,Kilews,1.5Nm (±5%),ServerLine2,1.5
,,,PRO-2448,Kilews,0.6Nm (±5%),ServerLine2,0.6
,,,PRO-2705,Kilews,1.35Nm (±5%),ServerLine2,1.35
,,,PRO--2714,Kilews,0.6Nm (±5%),ServerLine2,0.6
,,,PRO-3438,Hitachi,0.6Nm (±5%),ServerLine2,0.6
,,,PRO-373,Kilews,1.5Nm (±5%),ServerLine2,1.5
,,,PRO-4007,Kilews,0.6Nm (±5%),ServerLine2,0.6
,,,PRO-4008,Kilews,0.6Nm (±5%),ServerLine2,0.6
,,,PRO-4011,Kilews,1.0Nm (±5%),ServerLine2,1
,,,PRO-4012,Kilews,0.6Nm (±5%),ServerLine2,0.6
,,,PRO-4017,Kilews,1.0Nm (±5%),ServerLine2,1
,,,PRO-4090,Hitachi,0.6Nm (±5%),ServerLine2,0.6
,,,PRO-4098,Kilews,0.6Nm (±5%),ServerLine2,0.6
,,,PRO-4108,Hitachi,0.6Nm (±5%),ServerLine2,0.6
,,,PRO-4685,Kilews,0.9Nm (±5%),ServerLine2,0.9
,,,PRO-582,Kilews,0.3Nm (±5%),ServerLine2,0.3
,,,PRO-7082,Kilews,0.6Nm (±5%),ServerLine2,0.6
,,,SB-M-L2-001,Kilews,0.6Nm (±5%),ServerLine2,0.6
,,,SB-M-L2-002,Kilews,0.6Nm (±5%),ServerLine2,0.6
,,,SB-M-L2-003,Kilews,0.6Nm (±5%),ServerLine2,0.6
,,,SB-M-L2-004,Kilews,0.6Nm (±5%),ServerLine2,0.6
,,,SB-M-L2-005,Kilews,0.6Nm (±5%),ServerLine2,0.6
,,,SB-M-L2-006,Kilews,0.6Nm (±5%),ServerLine2,0.6
,,,SB-M-L2-007,Kilews,0.6Nm (±5%),ServerLine2,0.6
,,,SB-M-L2-014,Kilews,0.3Nm (±5%),ServerLine2,0.3
,,,SB-M-L2-026,Kilews,1.6Nm (±5%),ServerLine2,1.6
,,,SB-M-L3-033,Panasonic,0.6Nm (±5%),ServerLine3,0.6
,,,SB-M-L3-034,Panasonic,0.6Nm (±5%),ServerLine3,0.6
,,,SB-M-L3-001,Kilews,0.6Nm (±5%),ServerLine3,0.6
,,,SB-M-L3-002,Kilews,0.6Nm (±5%),ServerLine3,0.6
,,,SB-M-L3-003,Kilews,0.6Nm (±5%),ServerLine3,0.6
,,,SB-M-L3-004,Kilews,0.3Nm (±5%),ServerLine3,0.3
,,,SB-M-L3-005,Kilews,0.6Nm (±5%),ServerLine3,0.6
,,,SB-M-L3-006,Kilews,0.6Nm (±5%),ServerLine3,0.6
,,,SB-M-L3-008,Kilews,0.6Nm (±5%),ServerLine3,0.6
,,,SB-M-L3-009,Kilews,0.6Nm (±5%),ServerLine3,0.6
,,,SB-M-L3-010,Kilews,0.6Nm (±5%),ServerLine3,0.6
,,,SB-M-L3-011,Kilews,0.6Nm (±5%),ServerLine3,0.6
,,,SB-M-L3-012,Kilews,0.6Nm (±5%),ServerLine3,0.6
,,,SB-M-L3-013,Kilews,0.3Nm (±5%),ServerLine3,0.3
,,,SB-M-L3-014,Kilews,1.5Nm (±5%),ServerLine3,1.5
,,,SB-M-L3-015,Kilews,1.5Nm (±5%),ServerLine3,1.5
,,,SB-M-L3-016,Kilews,0.3Nm (±5%),ServerLine3,0.3
,,,SB-M-L3-017,Kilews,0.6Nm (±5%),ServerLine3,0.6
,,,SB-M-L3-018,Kilews,0.3Nm (±5%),ServerLine3,0.3
,,,SB-M-L3-019,Kilews,0.3Nm (±5%),ServerLine3,0.3
,,,SB-M-L3-021,Kilews,1.35Nm (±5%),ServerLine3,1.35
,,,SB-M-L3-022,Kilews,1.35Nm (±5%),ServerLine3,1.35
,,,SB-M-L3-023,Dewalt,1.35Nm (±5%),ServerLine3,1.35
,,,SB-M-L3-024,Kilews,1.35Nm (±5%),ServerLine3,1.35
,,,SB-M-L3-025,Kilews,1.0Nm (±5%),ServerLine3,1
6/19/2021," 1.026 Nm   
",pass,SB-M-L3-026,Kilews,1.0Nm (±5%),ServerLine3,1
6/19/2021," 1.165 Nm   
",fail,SB-M-L3-027,Kilews,1.0Nm (±5%),ServerLine3,1
,,,SB-M-L3-028,Kilews,1.0Nm (±5%),ServerLine3,1
,,,SB-M-L3-029,Kilews,1.4Nm (±5%),ServerLine3,1.4
,,,SB-M-L3-030,Kilews,1.95Nm (±5%),ServerLine3,1.95
,,,SB-M-L3-031,Kilews,1.6Nm (±5%),ServerLine3,1.6
,,,SB-M-L3-032,Kilews,1.6Nm (±5%),ServerLine3,1.6
,,,SB-M-P-L3-035,Panasonic,0.6Nm (±5%),ServerLine3,0.6
,,,SB-M-P-L3-002,Panasonic,0.6Nm (±5%),ServerLine3,0.6
,,,SB-M-P-L3-003,Panasonic,0.6Nm (±5%),ServerLine3,0.6
,,,SB-M-P-L3-004,Panasonic,specialrequest,ServerLine3,spe
,,,SB-M-P-L3-005,Panasonic,1.5Nm (±5%),ServerLine3,1.5
,,,SB-M-P-L3-006,Panasonic,0.6Nm (±5%),ServerLine3,0.6
,,,SB-M-P-L3-007,Panasonic,specialrequest,ServerLine3,spe
,,,SB-M-P-L3-008,Panasonic,specialrequest,ServerLine3,spe
,,,SB-M-P-L3-009,Panasonic,specialrequest,ServerLine3,spe
,,,SB-M-P-L3-010,Panasonic,0.6Nm (±5%),ServerLine3,0.6
,,,SB-M-P-L3-011,Panasonic,0.6Nm (±5%),ServerLine3,0.6
,,,SB-M-P-L3-012,Panasonic,specialrequest,ServerLine3,spe
,,,SB-M-P-L3-014,Panasonic,specialrequest,ServerLine3,spe
,,,SB-M-P-L3-015,Panasonic,0.6Nm (±5%),ServerLine3,0.6
,,,SB-M-P-L3-016,Panasonic,0.6Nm (±5%),ServerLine3,0.6
,,,SB-M-P-L3-017,Panasonic,0.6Nm (±5%),ServerLine3,0.6
,,,SB-M-P-L3-018,Panasonic,specialrequest,ServerLine3,spe
,,,SB-M-L3-007,Kilews,0.6Nm (±5%),ServerLine3,0.6
,,,SB-M-L3-020,Kilews,0.3Nm (±5%),ServerLine3,0.3
,,,PRO-0025,Kilews,0.6Nm (±5%),ServerLine3,0.6
,,,PRO-0570,Kilews,1.5Nm (±5%),ServerLine3,1.5
,,,PRO-0574,Kilews,0.6Nm (±5%),ServerLine3,0.6
,,,PRO-3020,Hitachi,0.6Nm (±5%),ServerLine3,0.6
,,,PRO-4231,Kilews,1.95Nm (±5%),ServerLine3,1.95
,,,PRO-4548,Kilews,0.6Nm (±5%),ServerLine3,0.6
,,,PRO-4984,Kilews,1.4Nm (±5%),ServerLine3,1.4
,,,SB-M-P-L3-013	,Panasonic,specialrequest,ServerLine3,spe
,,,SB-M-P-L3-022,Panasonic,0.6Nm (±5%),ServerLine3,0.6
,,,SB-M-L4-051,Panasonic,0.6Nm (±5%),ServerLine4,0.6
,,,SB-M-L4-052,Panasonic3.6,0.6Nm (±5%),ServerLine4,0.6
,,,SB-M-L4-017,Kilews,0.6Nm (±5%),ServerLine4,0.6
,,,SB-M-L4-018,Kilews,0.3Nm (±5%),ServerLine4,0.3
,,,SB-M-L4-019,Kilews,0.3Nm (±5%),ServerLine4,0.3
,,,SB-M-L4-021,Kilews,0.6Nm (±5%),ServerLine4,0.6
,,,SB-M-L4-022,Kilews,0.9Nm (±5%),ServerLine4,0.9
,,,SB-M-L4-023,Kilews,0.9Nm (±5%),ServerLine4,0.9
,,,SB-M-L4-024,Kilews,1.0Nm (±5%),ServerLine4,1
,,,SB-M-L4-027,Kilews,1.0Nm (±5%),ServerLine4,1
,,,SB-M-L4-028,Kilews,1.35Nm (±5%),ServerLine4,1.35
,,,SB-M-L4-029,Kilews,1.35Nm (±5%),ServerLine4,1.35
,,,SB-M-L4-030,Kilews,1.6Nm (±5%),ServerLine4,1.6
,,,SB-M-L4-031,Kilews,1.35Nm (±5%),ServerLine4,1.35
,,,SB-M-L4-032,Kilews,1.6Nm (±5%),ServerLine4,1.6
,,,SB-M-L4-034,Kilews,0.6Nm (±5%),ServerLine4,0.6
,,,SB-M-L4-035,Kilews,0.6Nm (±5%),ServerLine4,0.6
,,,SB-M-L4-036,Kilews,0.3Nm (±5%),ServerLine4,0.3
,,,SB-M-L4-037,Kilews,0.6Nm (±5%),ServerLine4,0.6
,,,SB-M-L4-038,Kilews,0.6Nm (±5%),ServerLine4,0.6
,,,SB-M-L4-039,Kilews,0.6Nm (±5%),ServerLine4,0.6
,,,SB-M-L4-040,Kilews,0.6Nm (±5%),ServerLine4,0.6
,,,SB-M-L4-041,Kilews,0.6Nm (±5%),ServerLine4,0.6
,,,SB-M-L4-042,Kilews,0.6Nm (±5%),ServerLine4,0.6
,,,SB-M-L4-043,Kilews,0.6Nm (±5%),ServerLine4,0.6
,,,SB-M-L4-044,Kilews,0.3Nm (±5%),ServerLine4,0.3
,,,SB-M-L4-045,Kilews,1.5Nm (±5%),ServerLine4,1.5
,,,SB-M-L4-046,Kilews,1.5Nm (±5%),ServerLine4,1.5
,,,SB-M-L4-047,Kilews,1.4Nm (±5%),ServerLine4,1.4
,,,SB-M-L4-048,Kilews,1.95Nm (±5%),ServerLine4,1.95
,,,SB-M-L4-049,Kilews,1.35Nm (±5%),ServerLine4,1.35
,,,SB-M-P-L4-001	,Panasonic,specialrequest,ServerLine4,spe
,,,SB-M-P-L4-002	,Panasonic,0.6Nm (±5%),ServerLine4,0.6
,,,SB-M-P-L4-003	,Panasonic,1.5Nm (±5%),ServerLine4,1.5
,,,SB-M-L4-020,Kilews,0.3Nm (±5%),ServerLine4,0.3
,,,SB-M-L4-026,Kilews,1.0Nm (±5%),ServerLine4,1
,,,PRO-0001,Panasonic,0.6Nm (±5%),ServerLine4,0.6
,,,PRO-0003,Panasonic,specialrequest,ServerLine4,spe
,,,PRO-0004,Panasonic,0.6Nm (±5%),ServerLine4,0.6
,,,PRO-0005,Panasonic,1.5Nm (±5%),ServerLine4,1.5
,,,PRO-0006,Panasonic,specialrequest,ServerLine4,spe
,,,PRO-0007,Panasonic,0.6Nm (±5%),ServerLine4,0.6
,,,PRO-0008,Panasonic,1.35Nm (±5%),ServerLine4,1.35
,,,PRO-0010,Panasonic,0.6Nm (±5%),ServerLine4,0.6
,,,PRO-0011,Panasonic,0.6Nm (±5%),ServerLine4,0.6
,,,PRO-0012,Panasonic,0.6Nm (±5%),ServerLine4,0.6
,,,PRO-0013,Panasonic,specialrequest,ServerLine4,spe
,,,PRO-0014,Panasonic,specialrequest,ServerLine4,spe
,,,PRO-0015,Panasonic,specialrequest,ServerLine4,spe
,,,PRO-0016,Panasonic,specialrequest,ServerLine4,spe
,,,PRO-0019,Panasonic,0.6Nm (±5%),ServerLine4,0.6
,,,PRO-0020,Panasonic,specialrequest,ServerLine4,spe
,,,PRO-0039,Kilews,1.4Nm (±5%),ServerLine4,1.4
,,,PRO-0708,Kilews,1.4Nm (±5%),ServerLine4,1.4
,,,PRO-1044,Panasonic,0.6Nm (±5%),ServerLine4,0.6
,,,PRO-1045,wera,0.6Nm (±5%),ServerLine4,0.6
,,,PRO-1046,wera,0.6Nm (±5%),ServerLine4,0.6
,,,PRO-1186,Panasonic,0.6Nm (±5%),ServerLine4,0.6
,,,PRO-1188,Panasonic,0.6Nm (±5%),ServerLine4,0.6
,,,PRO-2449,Kilews,0.9Nm (±5%),ServerLine4,0.9
,,,PRO-2986,Hitachi,0.6Nm (±5%),ServerLine4,0.6
,,,PRO-2990,Hitachi,0.6Nm (±5%),ServerLine4,0.6
,,,PRO-3000,Kilews,0.6Nm (±5%),ServerLine4,0.6
,,,PRO-4982,Hitachi,0.6Nm (±5%),ServerLine4,0.6
,,,PRO-5354,Hitachi,0.6Nm (±5%),ServerLine4,0.6
,,,PRO-5396,Kilews,0.6Nm (±5%),ServerLine4,0.6
,,,SB-M-L4-025,Kilews,1.0Nm (±5%),ServerLine4,1
,,,SB-M-L5-040,Panasonic,0.6Nm (±5%),ServerLine5,0.6
,,,SB-M-L5-035,Kilews,0.9Nm (±5%),ServerLine5,0.9
,,,SB-M-L5-037,Kilews,0.9Nm (±5%),ServerLine5,0.9
,,,SB-M-L5-033,Kilews,1.6Nm (±5%),ServerLine5,1.6
,,,SB-M-L5-036,Kilews,0.9Nm (±5%),ServerLine5,0.9
,,,SB-M-L5-039,Panasonic,0.6Nm (±5%),ServerLine5,0.6
,,,SB-M-L5-001,Kilews,0.6Nm (±5%),ServerLine5,0.6
,,,SB-M-L5-002,Kilews,0.6Nm (±5%),ServerLine5,0.6
,,,SB-M-L5-003,Kilews,0.6Nm (±5%),ServerLine5,0.6
,,,SB-M-L5-004,Kilews,0.6Nm (±5%),ServerLine5,0.6
,,,SB-M-L5-005,Kilews,0.6Nm (±5%),ServerLine5,0.6
,,,SB-M-L5-006,Kilews,0.6Nm (±5%),ServerLine5,0.6
,,,SB-M-L5-007,Kilews,0.6Nm (±5%),ServerLine5,0.6
,,,SB-M-L5-008,Kilews,0.6Nm (±5%),ServerLine5,0.6
,,,SB-M-L5-009,Kilews,0.6Nm (±5%),ServerLine5,0.6
,,,SB-M-L5-010,Kilews,0.6Nm (±5%),ServerLine5,0.6
,,,SB-M-L5-011,Kilews,0.6Nm (±5%),ServerLine5,0.6
,,,SB-M-L5-012,Kilews,0.9Nm (±5%),ServerLine5,0.9
,,,SB-M-L5-013,Kilews,0.3Nm (±5%),ServerLine5,0.3
,,,SB-M-L5-014,Kilews,0.3Nm (±5%),ServerLine5,0.3
,,,SB-M-L5-015,Kilews,0.3Nm (±5%),ServerLine5,0.3
,,,SB-M-L5-016,Kilews,0.9Nm (±5%),ServerLine5,0.9
,,,SB-M-L5-017,Kilews,0.9Nm (±5%),ServerLine5,0.9
,,,SB-M-L5-018,Kilews,0.6Nm (±5%),ServerLine5,0.6
,,,SB-M-L5-019,Kilews,1.0Nm (±5%),ServerLine5,1
,,,SB-M-L5-020,Kilews,1.0Nm (±5%),ServerLine5,1
,,,SB-M-L5-029,Kilews,1.95Nm (±5%),ServerLine5,1.95
,,,SB-M-L5-030,Kilews,0.9Nm (±5%),ServerLine5,0.9
,,,SB-M-L5-031,Kilews,1.35Nm (±5%),ServerLine5,1.35
,,,SB-M-L5-032,Kilews,0.3Nm (±5%),ServerLine5,0.3
,,,SB-M-L5-034,Kilews,1.35Nm (±5%),ServerLine5,1.35
,,,SB-M-L5-038,Kilews,0.9Nm (±5%),ServerLine5,0.9
,,,PRO-0134,Kilews,0.6Nm (±5%),ServerLine5,0.6
,,,PRO-0190,Kilews,0.6Nm (±5%),ServerLine5,0.6
,,,PRO-0622,Kilews,1.6Nm (±5%),ServerLine5,1.6
,,,PRO-1323,Kilews,0.6Nm (±5%),ServerLine5,0.6
,,,PRO-2259,Hitachi,0.8Nm (±5%),ServerLine5,0.8
,,,PRO-2263,Hitachi,0.8Nm (±5%),ServerLine5,0.8
,,,PRO-2375,Hitachi,0.8Nm (±5%),ServerLine5,0.8
,,,PRO-2455,Hitachi,0.6Nm (±5%),ServerLine5,0.6
,,,PRO-2473,Hitachi,0.6Nm (±5%),ServerLine5,0.6
,,,PRO-2574,Hitachi,0.6Nm (±5%),ServerLine5,0.6
,,,PRO-3008,Hitachi,0.8Nm (±5%),ServerLine5,0.8
,,,PRO-3436,Hitachi,0.6Nm (±5%),ServerLine5,0.6
,,,PRO-4158,Kilews,0.9Nm (±5%),ServerLine5,0.9
,,,PRO-4159,Hitachi,0.9Nm (±5%),ServerLine5,0.9
,,,PRO-4235,Hitachi,0.8Nm (±5%),ServerLine5,0.8
,,,PRO-4558,Hitachi,0.9Nm (±5%),ServerLine5,0.9
,,,PRO-7790,Hitachi,0.6Nm (±5%),ServerLine5,0.6
,,,PRO-T0015,Kilews,0.6Nm (±5%),ServerLine5,0.6
,,,SB-M-L5-001	,Kilews,0.6Nm (±5%),ServerLine5,0.6
,,,SB-M-L5-002	,Kilews,0.6Nm (±5%),ServerLine5,0.6
,,,SB-M-L5-003	,Kilews,0.6Nm (±5%),ServerLine5,0.6
,,,SB-M-L5-004	,Kilews,0.6Nm (±5%),ServerLine5,0.6
,,,SB-M-L5-005	,Kilews,0.6Nm (±5%),ServerLine5,0.6
,,,SB-M-L5-007	,Kilews,0.6Nm (±5%),ServerLine5,0.6
,,,SB-M-L5-008	,Kilews,0.6Nm (±5%),ServerLine5,0.6
,,,SB-M-L5-009	,Kilews,0.6Nm (±5%),ServerLine5,0.6
,,,SB-M-L5-010	,Kilews,0.6Nm (±5%),ServerLine5,0.6
,,,SB-M-L5-011	,Kilews,0.6Nm (±5%),ServerLine5,0.6
,,,SB-M-L5-012	,Kilews,0.6Nm (±5%),ServerLine5,0.6
,,,SB-M-L5-013	,Kilews,0.3Nm (±5%),ServerLine5,0.3
,,,SB-M-L5-014	,Kilews,0.3Nm (±5%),ServerLine5,0.3
,,,SB-M-L5-018	,Kilews,1.4Nm (±5%),ServerLine5,1.4
,,,SB-M-L5-021,Kilews,1.0Nm (±5%),ServerLine5,1
,,,SB-M-L5-021	,Kilews,1.6Nm (±5%),ServerLine5,1.6
,,,SB-M-L5-023,Kilews,1.6Nm (±5%),ServerLine5,1.6
,,,SB-M-L5-023	,Kilews,1.0Nm (±5%),ServerLine5,1
,,,SB-M-L5-024,Kilews,1.35Nm (±5%),ServerLine5,1.35
,,,SB-M-L5-025,Kilews,1.35Nm (±5%),ServerLine5,1.35
6/19/2021," 1.014 Nm   
",fail,SB-M-L5-026,Kilews,1.4Nm (±5%),ServerLine5,1.4
,,,SB-M-L5-027,Hitachi,1.5Nm (±5%),ServerLine5,1.5
,,,SB-M-L5-028,Kilews,1.5Nm (±5%),ServerLine5,1.5
,,,SB-M-L5-058,Kilewsblue,0.9Nm (±5%),ServerLine5,0.9
,,,SB-M-L5-061,Kilewsblue,0.9Nm (±5%),ServerLine5,0.9
,,,SB-M-L5-122,Kilews,1.6Nm (±5%),ServerLine5,1.6
,,,SB-M-L6-001,Kilews,1.6Nm (±5%),ServerLine6,1.6
,,,SB-M-L6-023,Kilews,0.9Nm (±5%),ServerLine6,0.9
,,,SB-M-L6-033,Panasonic,0.6Nm (±5%),ServerLine6,0.6
,,,SB-M-L6-002,Kilews,1.6Nm (±5%),ServerLine6,1.6
,,,SB-M-L6-004,Kilews,0.6Nm (±5%),ServerLine6,0.6
,,,SB-M-L6-005,Kilews,0.6Nm (±5%),ServerLine6,0.6
,,,SB-M-L6-006,Kilews,0.6Nm (±5%),ServerLine6,0.6
,,,SB-M-L6-007,Kilews,0.6Nm (±5%),ServerLine6,0.6
,,,SB-M-L6-008,Kilews,0.6Nm (±5%),ServerLine6,0.6
,,,SB-M-L6-009,Kilews,0.6Nm (±5%),ServerLine6,0.6
,,,SB-M-L6-010,Kilews,0.6Nm (±5%),ServerLine6,0.6
,,,SB-M-L6-011,Kilews,0.6Nm (±5%),ServerLine6,0.6
,,,SB-M-L6-012,Kilews,0.6Nm (±5%),ServerLine6,0.6
,,,SB-M-L6-013,Kilews,0.6Nm (±5%),ServerLine6,0.6
,,,SB-M-L6-015,Kilews,0.3Nm (±5%),ServerLine6,0.3
,,,SB-M-L6-016,Kilews,1.0Nm (±5%),ServerLine6,1
,,,SB-M-L6-017,Kilews,0.6Nm (±5%),ServerLine6,0.6
,,,SB-M-L6-018,Kilews,0.6Nm (±5%),ServerLine6,0.6
,,,SB-M-L6-019,Kilews,0.6Nm (±5%),ServerLine6,0.6
,,,SB-M-L6-020,Kilews,1.0Nm (±5%),ServerLine6,1
,,,SB-M-L6-021,Kilews,1.0Nm (±5%),ServerLine6,1
,,,SB-M-L6-022,Kilews,1.0Nm (±5%),ServerLine6,1
,,,SB-M-L6-025,Kilews,1.5Nm (±5%),ServerLine6,1.5
,,,SB-M-L6-026,Kilews,1.5Nm (±5%),ServerLine6,1.5
,,,SB-M-L6-027,Kilews,1.95Nm (±5%),ServerLine6,1.95
,,,SB-M-L6-028,Kilews,1.35Nm (±5%),ServerLine6,1.35
,,,SB-M-L6-029,Kilews,1.35Nm (±5%),ServerLine6,1.35
,,,SB-M-L6-030,Kilews,1.35Nm (±5%),ServerLine6,1.35
,,,SB-M-L6-031,Kilews,1.35Nm (±5%),ServerLine6,1.35
,,,SB-M-L6-032,Kilews,1.4Nm (±5%),ServerLine6,1.4
,,,SB-M-L6-003,Kilews,0.6Nm (±5%),ServerLine6,0.6
,,,PRO-0352,Kilews,1.5Nm (±5%),ServerLine6,1.5
,,,PRO-1456,Kilews,0.6Nm (±5%),ServerLine6,0.6
,,,PRO-2367,Hitachi,0.6Nm (±5%),ServerLine6,0.6
,,,PRO-2421,Kilews,0.3Nm (±5%),ServerLine6,0.3
,,,PRO-2485,Kilews,0.6Nm (±5%),ServerLine6,0.6
,,,PRO-2749,Kilews,0.6Nm (±5%),ServerLine6,0.6
,,,PRO-4038,Kilews,0.6Nm (±5%),ServerLine6,0.6
,,,PRO-4040,Kilews,0.6Nm (±5%),ServerLine6,0.6
,,,PRO-4041,Kilews,0.6Nm (±5%),ServerLine6,0.6
,,,PRO-4249,Kilews,1.95Nm (±5%),ServerLine6,1.95
,,,PRO-4747,Hitachi,0.6Nm (±5%),ServerLine6,0.6
,,,PRO-4832,Kilews,0.6Nm (±5%),ServerLine6,0.6
,,,PRO-5079,Hitachi,0.6Nm (±5%),ServerLine6,0.6
,,,PRO-5317,Kilews,0.6Nm (±5%),ServerLine6,0.6
,,,SB-M-L7-032,Panasonic,0.6Nm (±5%),ServerLine7,0.6
,,,SB-M-L7-033,Panasonic,0.6Nm (±5%),ServerLine7,0.6
,,,SB-M-L7-011,Hitachi,0.9Nm (±5%),ServerLine7,0.9
,,,SB-M-L7-027,Kilews,1.0Nm (±5%),ServerLine7,1
,,,SB-M-L7-028,Kilews,0.6Nm (±5%),ServerLine7,0.6
,,,SB-M-L7-029,Kilews,0.6Nm (±5%),ServerLine7,0.6
,,,SB-M-L7-001,Kilews,0.6Nm (±5%),ServerLine7,0.6
,,,SB-M-L7-002,Kilews,0.6Nm (±5%),ServerLine7,0.6
,,,SB-M-L7-003,Kilews,0.6Nm (±5%),ServerLine7,0.6
,,,SB-M-L7-005,Kilews,1.4Nm (±5%),ServerLine7,1.4
,,,SB-M-L7-006,ORANGEKILEWS,1.0Nm (±5%),ServerLine7,1
,,,SB-M-L7-007,Kilews,0.6Nm (±5%),ServerLine7,0.6
,,,SB-M-L7-008,Kilews,0.6Nm (±5%),ServerLine7,0.6
,,,SB-M-L7-009,Kilews,0.6Nm (±5%),ServerLine7,0.6
,,,SB-M-L7-010,Kilews,0.6Nm (±5%),ServerLine7,0.6
,,,SB-M-L7-013,Kilews,1.5Nm (±5%),ServerLine7,1.5
,,,SB-M-L7-014,Kilews,1.5Nm (±5%),ServerLine7,1.5
,,,SB-M-L7-015,Kilews,1.35Nm (±5%),ServerLine7,1.35
,,,SB-M-L7-016,ORANGEKILEWS,1.35Nm (±5%),ServerLine7,1.35
,,,SB-M-L7-017,ORANGEKILEWS,1.35Nm (±5%),ServerLine7,1.35
,,,SB-M-L7-018,Kilews,1.35Nm (±5%),ServerLine7,1.35
,,,SB-M-L7-019,Kilews,0.6Nm (±5%),ServerLine7,0.6
,,,SB-M-L7-020,Kilews,1.0Nm (±5%),ServerLine7,1
,,,SB-M-L7-021,Kilews,1.0Nm (±5%),ServerLine7,1
,,,SB-M-L7-022,Kilews,0.3Nm (±5%),ServerLine7,0.3
,,,SB-M-L7-023,Kilews,0.3Nm (±5%),ServerLine7,0.3
,,,SB-M-L7-024,ORANGEKILEWS,1.95Nm (±5%),ServerLine7,1.95
,,,SB-M-L7-025,Kilews,0.3Nm (±5%),ServerLine7,0.3
,,,SB-M-L7-026,Kilews,0.3Nm (±5%),ServerLine7,0.3
,,,SB-M-L7-030,ORANGEKILEWS,0.6Nm (±5%),ServerLine7,0.6
,,,SB-M-L7-031,Kilews,1.6Nm (±5%),ServerLine7,1.6
,,,SB-M-L7-012,ORANGEKILEWS,0.9Nm (±5%),ServerLine7,0.9
,,,PRO-2438,Kilews,0.6Nm (±5%),ServerLine7,0.6
,,,PRO-0044,Kilews,0.6Nm (±5%),ServerLine7,0.6
,,,PRO-1102,Kilews,1.95Nm (±5%),ServerLine7,1.95
,,,PRO-1108,Kilews,1.6Nm (±5%),ServerLine7,1.6
,,,PRO-2166,Kilews,0.6Nm (±5%),ServerLine7,0.6
,,,PRO-2453,Kilews,0.6Nm (±5%),ServerLine7,0.6
,,,PRO-2780,Hitachi,0.6Nm (±5%),ServerLine7,0.6
,,,PRO-2994,Hitachi,1.6Nm (±5%),ServerLine7,1.6
,,,PRO-2996,Hitachi,0.6Nm (±5%),ServerLine7,0.6
,,,PRO-2997,Hitachi,0.3Nm (±5%),ServerLine7,0.3
,,,PRO-4000,Hitachi,1.6Nm (±5%),ServerLine7,1.6
,,,PRO-4102,Hitachi,1.6Nm (±5%),ServerLine7,1.6
,,,PRO-4140,Hitachi,0.6Nm (±5%),ServerLine7,0.6
,,,PRO-4258,Kilews,1.95Nm (±5%),ServerLine7,1.95
,,,PRO-4282,Hitachi,0.6Nm (±5%),ServerLine7,0.6
,,,QCD-0008,Hitachi,0.3Nm (±5%),ServerLine7,0.3
,,,SB-M-L7-004,Kilews,0.6Nm (±5%),ServerLine7,0.6
,,,SB-M-L7-036,Kilews,1.6Nm (±5%),ServerLine7,1.6
,,,PRO-4242,Kilews,1.95Nm (±5%),ServerLine8,1.95
,,,SB-M-TA-001,Kilews,0.6Nm (±5%),ServerTrainingArea,0.6
,,,SB-M-TA-002,Kilews,1.4Nm (±5%),ServerTrainingArea,1.4
,,,SB-M-TA-003,Kilews,1.95Nm (±5%),ServerTrainingArea,1.95
,,,SB-M-TA-004,Kilews,0.3Nm (±5%),ServerTrainingArea,0.3
,,,SB-M-TA-006,Kilews,0.6Nm (±5%),ServerTrainingArea,0.6
,,,SB-M-TA-007,Kilews,0.6Nm (±5%),ServerTrainingArea,0.6
,,,SB-M-TA-009,Kilews,1.35Nm (±5%),ServerTrainingArea,1.35
,,,SB-M-TA-010,Kilews,1.35Nm (±5%),ServerTrainingArea,1.35
,,,SB-M-TA-012,Panasonic,0.6Nm (±5%),ServerTrainingArea,0.6
,,,SB-M-TA-013,Panasonic,0.6Nm (±5%),ServerTrainingArea,0.6
,,,SB-M-TA-014,Panasonic,specialrequest,ServerTrainingArea,spe
,,,SB-M-TA-015,Panasonic,0.6Nm (±5%),ServerTrainingArea,0.6
,,,SB-M-TA-016,Kilews,1.95Nm (±5%),ServerTrainingArea,1.95
,,,SB-M-TA-017,Kilews,0.6Nm (±5%),ServerTrainingArea,0.6
,,,PRO-4485,Kilews,0.6Nm (±5%),ServerTrainingArea,0.6
6/16/2021," 0.616 Nm   
",pass,1234,Kilews,0.6Nm (±5%),ServerTrainingArea,0.6
